campaign_name,cost,impressions,clicks
CAMPAIGN 1,230434.46999999997,381998619,958682
CAMPAIGN 2,77384.6800000001,39900789,382569
CAMPAIGN 3,153865.73000000019,163996049,631900
CAMPAIGN 4,37744.45999999927,9947573,44061
CAMPAIGN 6,152271.94999999995,170531251,439583
